"DisplayName","UserPrincipalName","Department","JobTitle","AccountEnabled","UserType","UsageLocation"
"Viktor Lund","accountant@samstack.onmicrosoft.com","Finance","Accountant","True","Member","SE"
"Cloud Reviewer","adm-cloudadmin01@samstack.onmicrosoft.com","ITInfra","Global Reader / Backup Cloud Administrator","True","Member","SE"
"Elias Vik","adm-helpdesk01@samstack.onmicrosoft.com","TechOps","Helpdesk Administrator","True","Member","SE"
"Daniel Ekström","adm-it.manager@samstack.onmicrosoft.com","ITInfra","Privileged Role Administrator","True","Member","SE"
"Jonas Wikström","adm-netadmin01@samstack.onmicrosoft.com","ITInfra","Intune Administrator planned","True","Member","SE"
"Fatima Ali","adm-netadmin02@samstack.onmicrosoft.com","ITInfra","Exchange Administrator","True","Member","SE"
"Erik Forsberg","adm-security.admin@samstack.onmicrosoft.com","ITInfra","Security Administrator","True","Member","SE"
"Henrik Larsson","adm-sysadmin01@samstack.onmicrosoft.com","ITInfra","SharePoint Administrator","True","Member","SE"
"Linnea Nilsson","adm-sysadmin02@samstack.onmicrosoft.com","ITInfra","Teams Administrator","True","Member","SE"
"Maja Lindgren","admin.one@samstack.onmicrosoft.com","MgmtAdmin","Office Administrator","True","Member","SE"
"Oskar Nyström","admin.two@samstack.onmicrosoft.com","MgmtAdmin","Office Administrator","True","Member","SE"
"Anna Sjöström","anna.sjostrom@samstack.onmicrosoft.com","Arkiv","Arkivansvarig","True","Member","SE"
"Tilda Berg","br.bizops01@samstack.onmicrosoft.com","BizOps","Branch Business Operations Coordinator","True","Member","SE"
"Simon Lind","br.bizops02@samstack.onmicrosoft.com","BizOps","Branch Business Operations Coordinator","True","Member","SE"
"Julia Frisk","br.fieldops01@samstack.onmicrosoft.com","FieldOps","Branch Field Engineer","True","Member","SE"
"Adam Kvist","br.fieldops02@samstack.onmicrosoft.com","FieldOps","Branch Field Engineer","True","Member","SE"
"Leila Aziz","br.fieldops03@samstack.onmicrosoft.com","FieldOps","Branch Field Engineer","True","Member","SE"
"Filip Norberg","br.fieldops04@samstack.onmicrosoft.com","FieldOps","Branch Field Engineer","True","Member","SE"
"Meja Hedlund","br.support01@samstack.onmicrosoft.com","Support","Branch Support Technician","True","Member","SE"
"Axel Ek","br.support02@samstack.onmicrosoft.com","Support","Branch Support Technician","False","Member","SE"
"Malik Rahman","br.techops01@samstack.onmicrosoft.com","TechOps","Branch Technical Support Engineer","True","Member","SE"
"Ebba Rosén","br.techops02@samstack.onmicrosoft.com","TechOps","Branch Technical Support Engineer","True","Member","SE"
"Theo Bäck","br.techops03@samstack.onmicrosoft.com","TechOps","Branch Technical Support Engineer","True","Member","SE"
"Recovery Admin One","breakglass01@samstack.onmicrosoft.com","ITInfra","Global Administrator","True","Member","SE"
"Recovery Admin Two","breakglass02@samstack.onmicrosoft.com","ITInfra","Global Administrator","True","Member","SE"
"Sofia Björk","customer.service.one@samstack.onmicrosoft.com","BizOps","Customer Service Representative","True","Member","SE"
"Eva Lindström","eva.lindstrom@samstack.onmicrosoft.com","Styrelse","Ordförande","True","Member","SE"
"Leo Andersson","executive.assistant@samstack.onmicrosoft.com","MgmtAdmin","Executive Assistant","True","Member","SE"
"Rasmus Löfgren","field.engineer01@samstack.onmicrosoft.com","TechOps","Field Support Engineer","True","Member","SE"
"Alicia Westin","field.engineer02@samstack.onmicrosoft.com","TechOps","Field Support Engineer","True","Member","SE"
"Mateo Nordin","field.engineer03@samstack.onmicrosoft.com","TechOps","Field Support Engineer","True","Member","SE"
"Ida Sund","field.engineer04@samstack.onmicrosoft.com","TechOps","Field Support Engineer","True","Member","SE"
"Amira Hassan","finance.assistant@samstack.onmicrosoft.com","Finance","Finance Assistant","True","Member","SE"
"Karin Sjöberg","finance.manager@samstack.onmicrosoft.com","Finance","Finance Manager","True","Member","SE"
"SMLC Finance","finance@samstack.onmicrosoft.com",,,"False","Member",
"SMLC Help Desk","helpdesk@samstack.onmicrosoft.com",,,"False","Member",
"Elias Vik","helpdesk01@samstack.onmicrosoft.com","TechOps","Help Desk Technician","True","Member","SE"
"Molly Strand","helpdesk02@samstack.onmicrosoft.com","TechOps","Help Desk Technician","True","Member","SE"
"Oscar Wallin","helpdesk03@samstack.onmicrosoft.com","TechOps","Help Desk Technician","True","Member","SE"
"Sara Johansson","hr.one@samstack.onmicrosoft.com","MgmtAdmin","HR Coordinator","True","Member","SE"
"Nora Håkansson","hr.two@samstack.onmicrosoft.com","MgmtAdmin","HR Coordinator","True","Member","SE"
"SMLC HR","hr@samstack.onmicrosoft.com",,,"False","Member",
"General Info","info@samstack.onmicrosoft.com",,,"False","Member",
"Ingrid Pettersson","ingrid.pettersson@samstack.onmicrosoft.com","Fotoarkiv","Fotoarkivansvarig","True","Member","SE"
"Daniel Ekström","it.manager@samstack.onmicrosoft.com","ITInfra","IT Manager","True","Member","SE"
"IT Support","itsupport@samstack.onmicrosoft.com",,,"False","Member",
"Johan Norberg","johan.norberg@samstack.onmicrosoft.com","Evenemang","Evenemangsansvarig","True","Member","SE"
"Karin Berg","karin.berg@samstack.onmicrosoft.com","Styrelse","Sekreterare","True","Member","SE"
"Lars Andersson","lars.andersson@samstack.onmicrosoft.com","Styrelse","Vice ordförande","True","Member","SE"
"Emil Sandberg","marketing.one@samstack.onmicrosoft.com","BizOps","Marketing Coordinator","True","Member","SE"
"Mats Eriksson","mats.eriksson@samstack.onmicrosoft.com","Ekonomi","Kassör","True","Member","SE"
"Jonas Wikström","netadmin01@samstack.onmicrosoft.com","ITInfra","Network Administrator","True","Member","SE"
"Fatima Ali","netadmin02@samstack.onmicrosoft.com","ITInfra","Network Administrator","True","Member","SE"
"New TechOps One","new.techops01@samstack.onmicrosoft.com","TechOps","TechOps Staff (Onboarding Test)","True","Member","SE"
"No Reply","noreply@samstack.onmicrosoft.com",,,"False","Member",
"Elin Bergström","operations.manager@samstack.onmicrosoft.com","MgmtAdmin","Operations Manager","True","Member","SE"
"Sam Parsakian","owner@samstack.onmicrosoft.com","MgmtAdmin","Managing Director","True","Member","SE"
"Per Nilsson","per.nilsson@samstack.onmicrosoft.com","Arkiv","Byggnadsarkiv och CAD","True","Member","SE"
"Isabella Karlsson","sales.manager@samstack.onmicrosoft.com","BizOps","Sales Manager","True","Member","SE"
"Noah Pettersson","sales.one@samstack.onmicrosoft.com","BizOps","Sales Executive","True","Member","SE"
"Clara Holm","sales.two@samstack.onmicrosoft.com","BizOps","Sales Executive","True","Member","SE"
"SMLC Sales","sales@samstack.onmicrosoft.com",,,"False","Member",
"Samuel Parsakian","SamuelParsakian@samstack.onmicrosoft.com",,,"True","Member","SE"
"Erik Forsberg","security.admin@samstack.onmicrosoft.com","ITInfra","Security Administrator","True","Member","SE"
"Security Alerts","security@samstack.onmicrosoft.com",,,"False","Member",
"Lukas Åström","software.support01@samstack.onmicrosoft.com","TechOps","Software Support Engineer","True","Member","SE"
"Ella Gran","software.support02@samstack.onmicrosoft.com","TechOps","Software Support Engineer","True","Member","SE"
"Arvid Dahl","software.support03@samstack.onmicrosoft.com","TechOps","Software Support Engineer","True","Member","SE"
"Freja Månsson","software.support04@samstack.onmicrosoft.com","TechOps","Software Support Engineer","True","Member","SE"
"Mikael Persson","software.support05@samstack.onmicrosoft.com","TechOps","Software Support Engineer","True","Member","SE"
"Yasmin Khan","software.support06@samstack.onmicrosoft.com","TechOps","Software Support Engineer","True","Member","SE"
"Hugo Blom","software.support07@samstack.onmicrosoft.com","TechOps","Software Support Engineer","True","Member","SE"
"Alva Eklund","software.support08@samstack.onmicrosoft.com","TechOps","Software Support Engineer","True","Member","SE"
"SMLC Support","support@samstack.onmicrosoft.com",,,"False","Member",
"Henrik Larsson","sysadmin01@samstack.onmicrosoft.com","ITInfra","Systems Administrator","True","Member","SE"
"Linnea Nilsson","sysadmin02@samstack.onmicrosoft.com","ITInfra","Systems Administrator","True","Member","SE"
"Anton Lindholm","techops.manager@samstack.onmicrosoft.com","TechOps","Technical Operations Manager","True","Member","SE"
